,viscosity_train,viscosity_train_pred
0,84965.484375,82551.66746536392
1,13095.1806640625,13247.345803930757
2,2465.13037109375,2455.861353900035
3,1199.907958984375,1201.925470636687
4,424.1131286621094,393.7042485331428
5,7480.08935546875,7181.324421078597
6,1422.2569580078125,1452.1837679549012
7,727.781005859375,772.4810523997581
8,464.05352783203125,449.9369336758964
9,259.82281494140625,260.93246853007383
10,4675.07177734375,5408.716193156335
11,992.2748413085938,1079.2627231637773
12,607.8935546875,583.1403925532541
13,4105.158203125,3732.090054488253
14,788.3956909179688,754.7156735635303
15,403.42877197265625,397.9797546229061
16,117.91922760009766,133.02792623044058
17,304.9048767089844,295.7970365194654
18,83.0962905883789,82.29108196718342
19,46.52546691894531,48.06322764056425
20,8.331136703491211,10.042817541266519
21,1380.2225341796875,1255.4167066348891
22,845.560546875,715.7326587327004
23,357.8092956542969,397.820025262234
24,125.21095275878906,120.01755283590177
25,70.10541534423828,80.92688532685978
26,42.94842529296875,42.87123294772676
27,27.938339233398438,27.368100443324597
28,1064.2225341796875,1218.6892310395447
29,671.8265991210938,712.2723571975429
30,295.8936462402344,285.4319119551343
31,206.43795776367188,205.03188705557602
32,109.9471435546875,111.51552241963596
33,82.26944732666016,83.39931667838006
34,49.898956298828125,48.597821638752734
35,39.646400451660156,37.8687944676788
36,3827.62548828125,3679.7761402140636
37,2186.37451171875,2187.3612804573463
38,820.5706176757812,848.3086754568797
39,533.7887573242188,574.8381200999925
40,249.63504028320312,224.6385316943087
41,179.46856689453125,173.27572095477976
42,99.48430633544922,98.16908719716977
43,75.94428253173828,77.66194579127043
44,47.4653434753418,50.65777200319844
45,2252.958984375,2137.335644437678
46,854.0587768554688,864.8781442349026
47,555.5730590820312,550.783337063205
48,257.23760986328125,257.3547097561372
49,183.09405517578125,187.68605167977734
50,100.48416137695312,101.76665583048434
51,77.47845458984375,78.15939737850029
52,48.424217224121094,48.932217438687786
53,39.25191116333008,39.20803397464076
54,2230.542236328125,2322.0432886936874
55,1339.430419921875,1420.8545338883503
56,544.572021484375,530.7563779792602
57,368.70611572265625,360.94998869489865
58,183.09405517578125,180.58498689251712
59,135.63938903808594,133.95240519994323
60,78.25714874267578,78.38879739776063
61,61.559234619140625,61.359974384197365
62,103.54432678222656,102.12577923780972
63,51.93537139892578,54.867589331367576
64,21.541902542114258,18.741740775313875
65,11.358882904052734,11.174690866895025
66,4.178699016571045,5.035340378572246
67,232.75811767578125,212.0936001588505
68,59.14546585083008,61.541427041237945
69,35.16319274902344,36.59476105599875
70,16.60991859436035,16.163885145624736
71,11.704811096191406,10.031252810312797
72,188.6700439453125,184.87849019045623
73,98.49443817138672,102.571117323034
74,25.790340423583984,26.306793206541418
75,17.63701629638672,16.20510239336306
76,164.0218963623047,183.25732965111567
77,85.6269302368164,88.78455470419301
78,31.500394821166992,29.899302125995938
79,21.541902542114258,19.780793997264603
80,7.845969200134277,7.660687951579632
81,57.39746856689453,60.0264525269162
82,33.784427642822266,32.8711776327111
83,26.57577133178711,28.298851245102085
84,17.814273834228516,17.224166405919608
85,14.73167610168457,14.450597279076586
86,10.590950012207031,10.604017680028777
87,70.80999755859375,72.00331473619282
88,41.2643928527832,39.5435351713879
89,32.136741638183594,33.967066995434955
90,17.28778076171875,17.182526325033717
91,14.439970970153809,14.463600053443027
92,12.182493209838867,12.583064187661282
93,10.38123607635498,10.557638485591884
94,212.72496032714844,196.72323944358254
95,151.4113006591797,147.13413130877734
96,81.45087432861328,81.77991851748565
97,61.559234619140625,60.554926656238166
98,37.71282196044922,37.963690504393334
99,30.26524543762207,30.127117517483253
100,20.49129295349121,20.640484588533276
101,17.115764617919922,17.736639128641553
102,57.974308013916016,60.95067558910395
103,44.7011833190918,44.539760609648354
104,28.2191219329834,28.95860086424663
105,22.873979568481445,22.66165011786122
106,15.799842834472656,15.491749946526483
107,13.463736534118652,13.44689086262433
108,9.874937057495117,9.721582535039362
109,95.58346557617188,95.86900972756258
110,52.98453140258789,46.41849416773162
111,33.784427642822266,34.43691112368049
112,27.38512420654297,26.914313771587942
113,22.421043395996094,22.581155147882942
114,15.642632484436035,15.918342263204657
115,13.329769134521484,13.400317544595994
116,167.33534240722656,169.89384286210222
117,121.51044464111328,118.10500677825061
118,90.92182922363281,97.7151572532558
119,69.4078369140625,71.46873390645102
120,42.521080017089844,43.77523997673146
121,34.4669189453125,33.58763402643877
122,23.103866577148438,23.070871176134563
123,19.491920471191406,19.774081351671917
124,20.287399291992188,21.43025839274799
125,194.41595458984375,188.89301715236041
126,2018.2784423828125,1871.7284719276033
127,788.3956909179688,844.6015747364081
128,518.0128173828125,575.8742191658891
129,247.15118408203125,239.7483325621832
130,179.46856689453125,172.017269415757
131,101.49402618408203,102.37983362138645
132,78.25714874267578,78.55980310112122
133,48.910888671875,50.35389152679081
134,40.04484939575195,37.8290933115732
135,327.01300048828125,316.7528355919765
136,157.5904998779297,140.14710711941237
137,113.29556274414062,93.83703329182308
138,62.802818298339844,64.28861519229768
139,24.532529830932617,27.57334770222659
140,20.08553695678711,22.68145093029788
141,5653.33154296875,5672.16724193935
142,3229.233154296875,3486.142093217521
143,1199.907958984375,1220.751493568479
144,765.0948486328125,768.6859177396716
145,347.2343444824219,349.8547762963444
146,242.2571563720703,247.20746104923356
147,129.0242156982422,126.550824247188
148,96.54412078857422,91.24531699946641
149,57.974308013916016,52.94574202864914
150,8184.52294921875,7438.940886230746
151,2670.443603515625,2619.154479970768
152,1619.7059326171875,1593.7282837323803
153,665.1416625976562,671.95150254138
154,445.8576965332031,470.43721783932835
155,160.7740478515625,164.86352370248744
156,120.30136108398438,119.45437557040849
157,91.83558654785156,95.50636457322065
158,6568.23193359375,6518.357894444805
159,2275.602294921875,2325.0976005361535
160,1422.2569580078125,1507.2670074368095
161,607.8935546875,607.4668156967329
162,411.5785827636719,406.81370589472755
163,206.43795776367188,200.00007228729635
164,151.4113006591797,143.22997054819496
165,87.35670471191406,82.40158020553022
166,68.0334701538086,66.74782389491473
167,1394.09375,1271.2225835166169
168,387.6101379394531,431.471458989173
169,192.4815216064453,182.83966820938355
170,139.770263671875,127.79584030566546
171,62.17792892456055,65.59293064226421
172,48.910888671875,50.06089746411715
173,340.3586730957031,287.7254303516725
174,244.69192504882812,287.7254303516725
175,134.289794921875,135.98110014112632
176,112.16822814941406,108.44703208326555
177,74.44049072265625,73.49167917614452
178,151.4113006591797,139.44197818988954
179,85.6269302368164,87.93657690209271
180,68.71723175048828,71.102072042269
181,49.898956298828125,48.56370367027382
182,39.25191116333008,40.5330058506104
183,22.421043395996094,22.31446609582209
184,1022.4937744140625,979.0543507937288
185,454.8646545410156,448.9839279170759
186,320.5377502441406,326.38821788468624
187,132.9535675048828,133.38666194842784
188,103.54432678222656,102.32337122772009
189,83.0962905883789,81.28590786185678
190,130.32090759277344,137.34705224063512
191,85.6269302368164,101.18423512596112
192,59.14546585083008,63.042017771252034
193,35.873538970947266,34.0764649994927
194,555.5730590820312,527.4890412187857
195,340.3586730957031,375.097832947584
196,75.18864440917969,75.30090170115598
197,780.5508422851562,751.6925900233819
198,487.84613037109375,478.66087277954057
199,214.86285400390625,197.04199666885378
200,149.90476989746094,154.86518146868275
201,81.45087432861328,89.75266991745698
202,327.01300048828125,310.2546440856447
203,164.0218963623047,161.0449861242483
204,121.51044464111328,117.2920311009512
205,70.80999755859375,70.94130424295794
206,54.598148345947266,58.84236701698548
207,42.097991943359375,45.67394686666924
208,33.448265075683594,31.234187150835254
209,27.112638473510742,26.306142432976866
210,1881.8299560546875,1823.1606192842557
211,1176.1483154296875,1302.5205617222023
212,518.0128173828125,575.9929686191762
213,357.8092956542969,326.67651092991196
214,179.46856689453125,178.90328176287247
215,96.54412078857422,98.3907734230696
216,32.45972442626953,31.127820361542078
217,25.790340423583984,25.49567375050111
218,639.0610961914062,641.7677226251838
219,379.9349670410156,412.4123443318701
220,156.02249145507812,138.80069048437562
221,106.69774627685547,101.50435872382852
222,57.39746856689453,58.50303480848539
223,42.94842529296875,47.866734067095834
224,244.69192504882812,238.94317595894492
225,167.33534240722656,171.47704025908206
226,86.48751831054688,88.5879642762464
227,65.3658447265625,69.80053971918889
228,39.646400451660156,36.45295732386096
229,31.186960220336914,30.15394216103667
230,20.697233200073242,20.28854244368514
231,1261.42822265625,1169.9500796932598
232,544.572021484375,558.4554161613338
233,376.1544494628906,385.0379748325156
234,190.56626892089844,201.84552417074963
235,141.1749267578125,139.0361658563061
236,83.931396484375,84.93329148654959
237,66.02279663085938,68.06359843337583
238,1339.430419921875,1349.3424429268725
239,854.0587768554688,826.1958738050693
240,395.4403991699219,382.9370617659851
241,267.73565673828125,275.52334177852845
242,194.41595458984375,199.28995016741163
243,145.47438049316406,140.7330965991953
244,84.77494812011719,88.54924738496649
245,66.68631744384766,69.86142741246742
246,55.14688491821289,53.44635067195847
247,47.942378997802734,46.71767979729761
248,34.123966217041016,32.86118392607902
249,30.876646041870117,30.416822652624962
250,21.97707748413086,22.002091685776133
251,18.915849685668945,19.43677424505337
252,52.98453140258789,52.01086859560093
253,45.15043640136719,44.62272686558792
254,35.873538970947266,34.10812572490038
255,30.876646041870117,31.558100947685297
256,21.97707748413086,22.790941839128873
257,18.915849685668945,19.225701084139747
258,59.73990249633789,60.34671190832418
259,52.98453140258789,51.83469568933249
260,38.09183883666992,39.761368302984785
261,35.873538970947266,36.81160968523075
262,26.049537658691406,25.77603908735629
263,21.97707748413086,22.885459751217674
264,70.10541534423828,69.02647493342067
265,62.17792892456055,59.498582507788335
266,47.942378997802734,46.60543183995045
267,40.85380935668945,43.39427879543195
268,30.876646041870117,30.532930085088957
269,29.078523635864258,26.92056414427072
270,70.80999755859375,72.73640253037851
271,55.14688491821289,53.26359076511192
272,33.448265075683594,33.67661365124558
273,26.311336517333984,25.959225867176077
274,17.46152687072754,16.920740779105277
275,14.296290397644043,14.544772331164358
276,73.6998062133789,76.57231965657054
277,57.39746856689453,55.9387829366947
278,34.4669189453125,35.4880864253659
279,27.660348892211914,27.349608994276117
280,18.541288375854492,17.989603490588113
281,15.486985206604004,15.461678679979794
282,79.83804321289062,83.12403865384935
283,61.559234619140625,60.87073870514136
284,37.33756637573242,39.510991445722226
285,30.26524543762207,30.422557695610845
286,20.49129295349121,20.132819440609765
287,16.945459365844727,17.294233110559368
288,93.69078826904297,95.01803067421237
289,72.24044799804688,71.65727428317074
290,44.7011833190918,45.531397900792236
291,35.873538970947266,35.68419194968072
292,24.288429260253906,23.68583445068446
293,20.08553695678711,20.29282601872092
294,54.05488586425781,54.98553331016995
295,42.94842529296875,43.49663976997351
296,28.502731323242188,28.38956645642971
297,24.0467529296875,23.908192875478466
298,17.28778076171875,17.336919501498265
299,14.73167610168457,14.822884554353546
300,57.39746856689453,58.73780450586406
301,46.06253433227539,46.94041975252283
302,30.876646041870117,30.400991208105616
303,25.790340423583984,25.737518944109578
304,18.17414665222168,18.627569812627286
305,15.486985206604004,15.881076712593687
306,61.559234619140625,60.6170530380088
307,49.4024543762207,48.88068079214861
308,33.784427642822266,31.32982662042864
309,27.38512420654297,26.531173256815116
310,19.687816619873047,19.22632764973799
311,16.945459365844727,16.277547885306543
312,34.4669189453125,38.088073754233584
313,28.7891902923584,31.32982662042864
314,20.49129295349121,22.258142688118646
315,17.63701629638672,19.22632764973799
316,13.197135925292969,14.020672869515955
317,11.588345527648926,11.869824833670254
318,69.4078369140625,69.54919486395599
319,55.70110321044922,55.34166201586459
320,45.60420227050781,43.4481802952
321,26.57577133178711,25.25274418639849
322,19.491920471191406,18.145057625452196
323,16.945459365844727,15.753095738299852
324,33.11545181274414,35.34212068021374
325,27.938339233398438,30.183769271848487
326,20.287399291992188,21.20167827068328
327,17.63701629638672,18.145057625452196
328,13.463736534118652,13.291706856003906
329,11.822446823120117,11.875225677698172
330,68.0334701538086,67.49120447416944
331,59.73990249633789,58.29813735943785
332,47.942378997802734,47.141436863273476
333,43.8160400390625,45.07450490862666
334,35.873538970947266,34.2600329259148
335,32.136741638183594,30.922916741532774
336,83.931396484375,77.87168880794286
337,72.24044799804688,71.7336805998766
338,54.05488586425781,55.96928106346898
339,47.942378997802734,49.852534975770894
340,40.04484939575195,41.46539255506958
341,35.873538970947266,36.15992784477422
342,29.96410369873047,30.849382700169215
343,91.83558654785156,88.56100756758889
344,57.974308013916016,53.98796431461637
345,46.52546691894531,43.957867122431466
346,31.816978454589844,30.870363457620837
347,26.57577133178711,26.341417597951157
348,18.915849685668945,19.412660173921864
349,78.25714874267578,78.85705768425422
350,62.17792892456055,62.203909303483854
351,55.14688491821289,56.55712093569088
352,43.8160400390625,48.04308039674163
353,40.04484939575195,41.84574928057949
354,34.123966217041016,33.19685839327947
355,30.876646041870117,31.91914329987124
356,75.18864440917969,72.6711529992239
357,59.14546585083008,55.68525746702191
358,39.25191116333008,37.81929807255465
359,32.45972442626953,31.984143962015708
360,23.336063385009766,23.118323678327933
361,19.687816619873047,19.93862208163937
362,75.94428253173828,82.73882967946841
363,68.0334701538086,71.44223483502637
364,55.14688491821289,58.79060473226813
365,46.06253433227539,48.942013703537036
366,38.09183883666992,38.392358012150886
367,35.16319274902344,36.90665223959106
368,79.04362487792969,74.02277310748141
369,62.802818298339844,56.373526300850784
370,41.679107666015625,38.172025361988574
371,34.4669189453125,32.277078357747975
372,24.288429260253906,23.220023283162433
373,20.697233200073242,19.76844046632435
374,44.7011833190918,45.62681935692739
375,36.59823226928711,38.172025361988574
376,25.790340423583984,27.554847045369907
377,21.758399963378906,23.220023283162433
378,16.119020462036133,16.468097360486798
379,14.013205528259277,14.790646378251221
380,66.02279663085938,67.07334270919853
381,51.93537139892578,55.03415369022494
382,42.097991943359375,42.71448943885182
383,38.09183883666992,41.344530879841635
384,87.35670471191406,82.82214939364303
385,70.10541534423828,63.568209073364734
386,47.942378997802734,42.920444613589105
387,39.646400451660156,36.1219803682766
388,27.938339233398438,25.528321289793613
389,23.570598602294922,21.91043105324413
390,49.4024543762207,50.869421757664625
391,40.44730758666992,42.920444613589105
392,28.502731323242188,30.014587430070648
393,24.288429260253906,25.528321289793613
394,17.99331283569336,18.190600546686607
395,15.642632484436035,16.01157375324092
396,77.47845458984375,78.18050979379792
397,54.598148345947266,65.12377596043376
398,53.517032623291016,52.665189680796885
399,31.816978454589844,30.276488544611084
400,25.27965545654297,24.570326474987763
401,16.7768497467041,17.05350115733364
402,14.013205528259277,13.881170052368404
403,84.77494812011719,82.09441790630241
404,64.07151794433594,64.08176266903774
405,38.09183883666992,37.24814680913036
406,30.56941795349121,30.60813162408495
407,20.49129295349121,20.283398558076474
408,16.945459365844727,16.60304757481269
409,64.7154541015625,61.767059796232964
410,992.2748413085938,1044.5920877170777
411,307.96929931640625,286.2706085285113
412,90.92182922363281,96.77775546340578
413,43.8160400390625,47.313926828813216
414,35.5165901184082,36.866081992682865
415,7115.2802734375,6878.98135665767
416,3071.74072265625,2971.561899853801
417,699.2443237304688,699.7876590239484
418,354.2489318847656,371.58965574264397
419,6124.1806640625,6441.594782376934
420,2465.13037109375,2656.695368885641
421,572.49267578125,519.2141348934641
422,284.29150390625,261.17923474962004
423,4447.06494140625,4774.039483768098
424,1261.42822265625,1183.4549800602344
425,327.01300048828125,321.6417817016603
426,183.09405517578125,178.00185316569363
427,1587.633544921875,1474.8397798891986
428,1032.770263671875,1023.9684745403225
429,478.1861267089844,453.82402108889187
430,336.97210693359375,331.45048071166804
431,181.27218627929688,188.10250782633864
432,135.63938903808594,135.80159435875967
433,81.45087432861328,81.16657221029881
434,64.7154541015625,64.42501428898085
435,8022.45458984375,8013.690887413121
436,8022.45458984375,8459.056459108484
437,407.4833984375,380.3805195334453
438,5218.68310546875,5128.34436479032
439,249.63504028320312,252.10672612578563
440,1669.0335693359375,1617.802796488236
441,713.3699951171875,739.4532496755229
442,487.84613037109375,531.7595153196414
443,244.69192504882812,244.78402883411204
444,179.46856689453125,181.37388582353915
445,102.51407623291016,100.6940357867514
446,79.83804321289062,78.7375788773642
447,50.400447845458984,48.89671087952184
448,40.85380935668945,39.8665133227352
449,1556.1964111328125,1645.8088881926406
450,1032.770263671875,1086.8590732118416
451,492.7489318847656,480.00798408174245
452,350.7242126464844,346.2046327540143
453,190.56626892089844,191.91816997819464
454,144.02685546875,139.80298600551805
455,87.35670471191406,86.00528811838421
456,69.4078369140625,70.67621717920011
457,12708.162109375,11030.354691744358
458,1998.19580078125,2290.2214103096885
459,1408.1048583984375,1259.2220307327268
460,925.1907348632812,879.6340789700486
461,307.96929931640625,335.05556959630115
462,223.6315460205078,230.05987230868703
463,123.9651107788086,128.218199909309
464,95.58346557617188,94.97502255590982
465,59.14546585083008,58.12299972385993
466,47.942378997802734,47.972127222004815
467,50.400447845458984,51.65982854301543
468,39.646400451660156,40.80279559251467
469,28.2191219329834,27.572320669263625
470,23.336063385009766,23.377140860165433
471,18.356801986694336,18.961533068677163
472,18.356801986694336,17.00994478664735
473,25.533721923828125,25.643600296258736
474,20.905242919921875,20.81350465306772
475,14.585094451904297,14.416867447184462
476,12.304929733276367,12.326907251474008
477,9.025014877319336,9.246368131499644
478,7.924822807312012,8.12610628209723
479,28.502731323242188,28.111287309655822
480,23.336063385009766,23.05948515858137
481,16.28101921081543,15.827908042704614
482,13.735721588134766,13.604204480748434
483,9.97418212890625,10.177706465408871
484,8.846306800842285,8.907701930292141
485,21.97707748413086,23.05948515858137
486,15.486985206604004,15.827908042704614
487,9.025014877319336,8.907701930292141
488,6.820957660675049,7.0073261729853265
489,5.206979751586914,4.797061758530473
490,31.186960220336914,31.69531454643664
491,21.758399963378906,21.403860851412784
492,18.356801986694336,17.857262940568955
493,13.329769134521484,13.113440535250737
494,11.473040580749512,11.484057513321591
495,9.025014877319336,8.900035006614043
496,24.77908706665039,26.257005876901786
497,12.553505897521973,13.113440535250737
498,9.679400444030762,9.944384552359669
499,6.110446929931641,6.254539734811296
500,5.58452844619751,5.194813149162027
501,31.186960220336914,30.565987932285392
502,25.790340423583984,25.341322404479115
503,18.356801986694336,18.13673727992502
504,15.642632484436035,15.452736387483123
505,10.48556900024414,10.342176674982566
506,15.958634376525879,15.452736387483123
507,11.588345527648926,11.481882872896886
508,6.889509677886963,7.08112614622754
509,5.812436580657959,5.8374118581072185
510,25.790340423583984,26.698845463503925
511,21.97707748413086,21.99108517177408
512,16.28101921081543,15.858071460372868
513,14.15403938293457,13.859624530016593
514,11.023177146911621,10.362924903435141
515,8.758284568786621,8.544515873798613
516,14.439970970153809,15.858071460372868
517,11.023177146911621,11.67058514397602
518,6.889509677886963,7.55482791312949
519,59.73990249633789,66.59515180851487
520,39.646400451660156,39.622871904231644
521,33.11545181274414,32.32950162264063
522,23.570598602294922,21.99108517177408
523,20.287399291992188,18.482881277441724
524,33.11545181274414,32.47691278866017
525,18.915849685668945,18.482881277441724
526,52.98453140258789,51.697078674953566
527,35.16319274902344,39.622871904231644
528,1408.1048583984375,1394.7937137831107
529,1002.2471313476562,1080.7506276617607
530,550.044921875,566.0579019428563
531,415.7151184082031,404.8830742743468
532,249.63504028320312,243.82817696031037
533,198.34341430664062,196.91400382574062
534,129.0242156982422,125.5466037063916
535,105.63606262207031,106.50918502493211
536,651.9710083007812,657.2956878927524
537,314.190673828125,325.7877503750474
538,162.389892578125,163.34590709115287
539,120.30136108398438,121.0044326403376
540,699.2443237304688,703.5313548686071
541,502.703125,506.90531999228034
542,247.15118408203125,248.31653755752967
543,179.46856689453125,174.1044588753657
544,97.5143814086914,96.73027609180187
545,73.6998062133789,72.65739421869765
546,379.9349670410156,353.81427275617904
547,270.4263610839844,243.87331798710483
548,139.770263671875,139.1464595453911
549,106.69774627685547,104.08436456000912
550,59.73990249633789,66.11142044823137
551,502.703125,521.4007408686227
552,247.15118408203125,256.130494076824
553,177.68276977539062,188.88960424347115
554,97.5143814086914,108.02774796568026
555,85.6269302368164,85.90142514322453
556,578.2463989257812,521.4007408686227
557,399.41448974609375,371.37227536799554
558,204.3839111328125,188.88960424347115
559,151.4113006591797,144.52131380754776
560,88.23467254638672,85.90142514322453
561,450.3387451171875,490.86395477553
562,228.1492156982422,237.31533452099364
563,169.0171356201172,173.05258995395207
564,94.63241577148438,99.8426657863867
565,72.96646881103516,77.24106951647785
566,399.41448974609375,397.15137639674253
567,295.8936462402344,281.0693581056579
568,160.7740478515625,162.57608091995343
569,120.30136108398438,117.94667444557071
570,70.80999755859375,71.58661144544767
571,55.14688491821289,57.787055513035256
572,81.45087432861328,83.27329224338266
573,54.05488586425781,53.29074582034285
574,26.311336517333984,24.974140824903614
575,19.687816619873047,19.387718337842784
576,376.1544494628906,399.94559853632893
577,512.8583374023438,570.7712726272622
578,265.07159423828125,265.52322815243633
579,196.3699188232422,198.92587043821305
580,114.43417358398438,108.77856032987034
581,90.01712799072266,83.27329224338266
582,780.5508422851562,774.7039073424667
583,550.044921875,593.450586584621
584,290.0345458984375,285.99807219863436
585,219.20335388183594,213.40933207467162
586,130.32090759277344,129.32237874598303
587,102.51407623291016,104.91590444723089
588,67.35653686523438,66.22428458816402
589,55.14688491821289,55.812365317144426
590,38.86134719848633,40.189283873810325
591,40.04484939575195,44.61028802686973
592,225.879150390625,242.0759714789082
593,164.0218963623047,170.33572868199101
594,93.69078826904297,90.98800373121178
595,72.24044799804688,73.12599969468748
596,46.06253433227539,48.029161811440964
597,38.09183883666992,38.594532088658454
598,26.311336517333984,24.719471307837033
599,22.19795036315918,20.930945682235652
600,75.94428253173828,76.32077991670059
601,46.06253433227539,45.80583510144983
602,357.8092956542969,341.279710418066
603,172.43150329589844,188.15771767523475
604,55.14688491821289,63.89601709781397
605,29.96410369873047,32.380285877344946
606,1394.09375,1379.6229453677026
607,982.4013061523438,942.684535238364
608,523.2190551757812,509.61088791920673
609,395.4403991699219,375.51524563675633
610,232.75811767578125,224.6759736833042
611,184.93414306640625,175.74664609909522
612,119.1043701171875,115.69645737329462
613,96.54412078857422,96.80601737442588
614,295.8936462402344,316.36216186734373
615,1465.570556640625,1482.9156081457415
616,314.190673828125,327.14658118276014
617,170.7157440185547,167.62428373963945
618,92.75857543945312,98.39364191159574
619,71.52163696289062,74.01583146871523
620,43.8160400390625,43.6541942838343
621,35.5165901184082,34.53140789691687
622,23.570598602294922,22.78506663741875
623,134.289794921875,127.46265089686946
624,75.18864440917969,74.7713200410623
625,58.55697250366211,58.39543092035574
626,36.234073638916016,35.67631747017664
627,28.7891902923584,28.94515153182687
628,19.687816619873047,20.480529517734983
629,27.112638473510742,26.95899555113976
630,16.7768497467041,16.805398097682442
631,13.735721588134766,13.930001966694176
632,9.487735748291016,9.443880210387539
633,31.816978454589844,32.06619966609828
634,19.687816619873047,20.033056907731932
635,16.119020462036133,16.53958917331741
636,11.245859146118164,11.289555250313336
637,40.04484939575195,39.17461283571706
638,25.27965545654297,24.634983773851808
639,20.287399291992188,20.317927116458048
640,14.013205528259277,13.872331381446667
641,57.974308013916016,56.255802042734956
642,35.16319274902344,35.18929081882378
643,28.2191219329834,28.741085694292106
644,19.105955123901367,19.811601384571897
645,120.30136108398438,130.4234404152258
646,68.71723175048828,71.07623477512391
647,53.517032623291016,56.1676356370279
648,34.4669189453125,34.5779566938708
649,138.37948608398438,130.4234404152258
650,76.70755004882812,71.07623477512391
651,57.974308013916016,56.1676356370279
652,35.873538970947266,34.5779566938708
653,28.7891902923584,28.085277113611053
654,19.491920471191406,19.584880135311145
655,44.7011833190918,44.883332469764184
656,20.905242919921875,21.81247600355098
657,15.029275894165039,15.29358032289209
658,8.004467964172363,8.425398581334845
659,6.488296031951904,6.406675026504556
660,38.09183883666992,37.599948142544775
661,26.049537658691406,26.701703518790293
662,13.463736534118652,13.557637342005792
663,9.97418212890625,10.13850532862896
664,66.02279663085938,61.883050620406735
665,62.17792892456055,61.883050620406735
666,29.96410369873047,29.755160138871634
667,21.11534309387207,20.66968567508168
668,11.023177146911621,11.013117188906673
669,8.084914207458496,8.36013748555478
670,48.424217224121094,46.30377271139271
671,33.784427642822266,33.14794051491212
672,16.7768497467041,16.233623209257786
673,11.941265106201172,11.914073796223716
674,473.427978515625,430.7170399134513
675,208.5127410888672,218.52574607011005
676,59.73990249633789,57.97463590549303
677,36.96604919433594,36.942877883508615
678,1366.48876953125,1270.2207124954834
679,237.4601593017578,225.51639033884115
680,68.71723175048828,72.84912693633156
681,42.097991943359375,43.383190840158
682,19.885683059692383,20.824537617665097
683,74.44049072265625,72.84912693633156
684,31.186960220336914,31.596418228850137
685,632.7022094726562,660.2681076851087
686,330.2996520996094,333.01325324975875
687,230.44219970703125,225.51639033884115
688,119.1043701171875,137.16967136482137
689,94.63241577148438,90.60241931305035
690,512.8583374023438,496.11257598083404
691,665.1416625976562,628.8435567979224
692,90.01712799072266,88.90402084129573
693,54.598148345947266,55.31899835244445
694,29.96410369873047,30.65761585560815
695,40.04484939575195,42.18479654905479
696,194.41595458984375,205.30105359687408
697,699.2443237304688,637.568787491753
698,812.4056396484375,816.9759791221717
699,578.2463989257812,550.061730009895
700,307.96929931640625,302.9998323511276
701,230.44219970703125,234.9171260583177
702,135.63938903808594,142.16289066352303
703,1032.770263671875,1052.3297653315517
704,181.27218627929688,181.46223123201742
705,96.54412078857422,93.86474534464519
706,1141.3875732421875,1104.4737160488291
707,780.5508422851562,781.0473751768459
708,399.41448974609375,392.8484689427776
709,292.9493713378906,306.82590984560443
710,190.56626892089844,193.9857122585316
711,164.0218963623047,161.89495590571676
712,86.48751831054688,84.72808883846783
713,67.35653686523438,69.56902743174436
714,43.38006591796875,43.70070148245034
715,36.59823226928711,34.407648457766214
716,21.541902542114258,22.64701933233449
717,658.523193359375,526.3854269843259
718,137.00262451171875,119.35869692484796
719,71.52163696289062,61.139716022834136
720,24.0467529296875,26.2736647554589
721,16.60991859436035,19.200743887555074
722,117.91922760009766,123.49077566433408
723,97.5143814086914,96.81902238379146
724,68.0334701538086,71.17251796770064
725,55.70110321044922,55.990476403077515
726,45.15043640136719,41.366139643006775
727,43.38006591796875,38.67361411297507
728,186.7928009033203,204.5461776326714
729,109.9471435546875,97.30024827669341
730,39.646400451660156,36.735985071669724
731,19.687816619873047,24.5164521896006
732,42.097991943359375,45.08394686267494
733,36.234073638916016,36.38635833682815
734,27.112638473510742,28.056015838717094
735,2751.771240234375,2806.909102431245
736,1032.770263671875,1109.3056035150837
737,632.7022094726562,681.5640541872623
738,281.46270751953125,258.2299745680237
739,210.6082763671875,190.62136164849716
740,114.43417358398438,114.43908037209391
741,415.7151184082031,410.239263477721
742,104.58499145507812,101.6341384097482
743,77.47845458984375,80.2566170851536
744,1652.4261474609375,1471.2144942848388
745,953.3672485351562,925.0644918321216
746,365.0374755859375,402.9221138507755
747,244.69192504882812,231.38980019989532
748,125.21095275878906,122.75143576557723
749,90.92182922363281,96.66585455008912
750,50.400447845458984,52.113403802572094
751,40.85380935668945,37.979309684586646
752,26.311336517333984,25.336202600230614
753,21.97707748413086,22.006301071010704
754,15.799842834472656,16.22104911520254
755,13.463736534118652,14.031622982709457
756,9.97418212890625,10.207936001298007
757,512.8583374023438,534.7545436199182
758,252.1439666748047,248.47814520142995
759,183.09405517578125,182.8804938882978
760,104.58499145507812,107.2945632466978
761,83.0962905883789,83.32558980644359
762,52.45732879638672,51.977660224113016
763,42.521080017089844,42.54512535865964
764,71.52163696289062,72.3847148466639
765,54.598148345947266,57.1341229069738
766,33.11545181274414,33.21298082180384
767,26.57577133178711,27.36726923343027
768,257.23760986328125,244.2493692498159
769,177.68276977539062,176.95641406207815
770,112.16822814941406,106.24025667284035
771,91.83558654785156,82.35672743347264
772,64.07151794433594,67.08698780138153
773,65.3658447265625,66.96567371065237
774,42.521080017089844,41.52863326878268
775,33.11545181274414,33.77628287804616
776,25.028121948242188,25.285747279314158
777,22.64637565612793,22.501577811843163
778,19.2979736328125,18.148624040806272
779,70.80999755859375,71.50925338031728
780,43.38006591796875,44.15457950858961
781,35.873538970947266,35.83002182740984
782,26.57577133178711,26.77018798676358
783,24.288429260253906,23.7083851036736
784,18.727632522583008,18.86581466396697
785,66.68631744384766,55.38335483078019
786,175.91485595703125,170.65457913091797
787,93.69078826904297,91.53985380048479
788,33.784427642822266,37.1919293417047
789,159.1743621826172,162.50913377342178
790,106.69774627685547,108.2880266451925
791,83.0962905883789,83.74338050119243
792,55.70110321044922,53.51920649584165
793,30.876646041870117,33.341191625158245
794,72.24044799804688,74.27624179765338
795,56.82634353637695,56.88319337089811
796,36.59823226928711,36.53145372181865
797,30.56941795349121,29.789118444355655
798,278.6621398925781,285.24169002039366
799,84.77494812011719,84.4340977941421
800,528.4774169921875,534.567064474054
801,265.07159423828125,281.6534425550641
802,194.41595458984375,200.02348952857884
803,111.05216217041016,102.22561263334369
804,86.48751831054688,84.79519415213332
805,56.82634353637695,53.89338126932639
806,26.311336517333984,24.404014165443552
807,19.687816619873047,18.089834876874583
808,10.48556900024414,12.045717574001598
809,104.58499145507812,124.13833913303652
810,45.15043640136719,43.76231998449666
811,29.37077522277832,30.178240290196005
812,14.585094451904297,13.98331377729673
813,10.697391510009766,11.557074156046234
814,160.7740478515625,158.28237083189995
815,121.51044464111328,112.97764563017519
816,71.52163696289062,69.22070770998359
817,56.26092529296875,54.71657846027898
818,35.873538970947266,36.25165936308719
819,29.37077522277832,31.001788275748922
820,20.49129295349121,20.68915718288924
821,23.570598602294922,24.500520759095444
822,1096.6331787109375,1055.7759793422294
823,539.1533203125,552.5477590118544
824,137.00262451171875,147.59351326058854
825,78.25714874267578,85.73191260874749
826,47.4653434753418,42.12778900539838
827,32.136741638183594,32.09884681597614
828,225.879150390625,234.37366055586463
829,115.58428192138672,130.46753056660316
830,42.097991943359375,36.26988330088462
831,1164.445068359375,1160.349906059944
832,292.9493713378906,271.9415967209316
833,157.5904998779297,149.75404501408283
834,56.82634353637695,59.72098688486964
835,36.59823226928711,35.057915235371446
836,7480.08935546875,6475.048406906845
837,3294.469482421875,3595.156824923744
838,871.3118896484375,870.934860829307
839,432.68072509765625,495.7485163383921
840,3463.3779296875,3662.138945983548
841,1587.633544921875,1545.6370029150733
842,376.1544494628906,361.30659068018815
843,219.20335388183594,235.98038437132033
844,6374.11279296875,6598.123277278191
845,2724.39013671875,2983.4266533785326
846,523.2190551757812,481.74326395368945
847,301.8710632324219,286.59340533331084
848,1096.6331787109375,965.2275126413466
849,620.173828125,580.4524676113459
850,196.3699188232422,191.04030385395149
851,1199.907958984375,965.2275126413466
852,407.4833984375,382.0861324504286
853,204.3839111328125,191.04030385395149
854,1587.633544921875,1850.281797865922
855,820.5706176757812,965.2275126413466
856,262.43414306640625,382.0861324504286
857,160.7740478515625,191.04030385395149
858,403.42877197265625,395.5839318637164
859,275.88934326171875,287.18521688226383
860,141.1749267578125,158.94274184738944
861,60.94672775268555,58.97667168600558
862,47.942378997802734,47.73685768260867
863,38.86134719848633,38.62343515365988
864,32.136741638183594,33.71523341976061
865,26.049537658691406,29.019224164324502
866,578.2463989257812,274.66349859752404
867,357.8092956542969,232.2227528938698
868,86.48751831054688,72.1121183605211
869,55.14688491821289,53.72100941271148
870,270.4263610839844,376.34350842642016
871,129.0242156982422,274.66349859752404
872,43.8160400390625,90.3018782269181
873,678.578369140625,647.7134404179978
874,206.43795776367188,193.8791871087117
875,134.289794921875,144.01384716391223
876,108.85318756103516,107.65883742426885
877,83.0962905883789,82.313641256976
878,51.418601989746094,50.86825534374117
879,40.44730758666992,41.70701406523329
880,301.8710632324219,243.92896650633207
881,212.72496032714844,243.92896650633207
882,154.4700164794922,175.07232171751522
883,87.35670471191406,94.5409916358507
884,52.45732879638672,50.00930713331104
885,41.679107666015625,41.45338852477126
886,27.660348892211914,26.107209275425284
887,22.873979568481445,23.38387556602197
888,544.572021484375,659.9046581321932
889,290.0345458984375,309.5846764954239
890,165.6703643798828,175.5958626859376
891,100.48416137695312,102.11732644746495
892,68.0334701538086,67.36752628453866
893,90.92182922363281,87.06501126130779
894,98.49443817138672,104.40255125155716
895,49.898956298828125,45.915098045618215
896,23.336063385009766,25.033800656513503
897,148.4131622314453,145.63912754405627
898,76.70755004882812,78.95905063515396
899,28.7891902923584,28.314261849139143
900,19.687816619873047,19.36402276053336
901,48.910888671875,49.36933073314381
902,21.541902542114258,22.255798956152343
903,16.945459365844727,16.92686814971267
904,15.486985206604004,15.576134993446672
905,13.735721588134766,12.584199926027976
906,12.428597450256348,11.925087828772755
907,31.500394821166992,34.841003005658905
908,21.11534309387207,21.399002559031672
909,19.2979736328125,19.06993972089658
910,14.585094451904297,15.16197960230627
911,14.013205528259277,14.36361010680534
912,13.873771667480469,12.542798996251888
913,267.73565673828125,229.8008032342528
914,87.35670471191406,87.5840097702321
915,75.18864440917969,74.10079317425094
916,130.32090759277344,114.40000755433732
917,39.25191116333008,40.844792038167995
918,27.112638473510742,29.227807242381914
919,79.04362487792969,84.60473513938855
920,66.02279663085938,64.0830837273756
921,53.517032623291016,54.3560819149977
922,46.52546691894531,45.154942320019245
923,32.45972442626953,33.08097467331537
924,31.186960220336914,31.461152528972185
925,66.68631744384766,66.58136820011559
926,51.418601989746094,52.795038423306416
927,31.500394821166992,30.132204951290632
928,25.533721923828125,25.107232688305565
929,51.418601989746094,50.763619128638
930,40.85380935668945,41.87524152142852
931,24.288429260253906,25.497304135293795
932,22.19795036315918,21.45631972093075
933,116.7459487915039,117.52360851632439
934,91.83558654785156,89.22997218570653
935,59.73990249633789,59.74268723989714
936,48.424217224121094,47.0998852535501
937,74.44049072265625,76.97202339238767
938,57.974308013916016,57.53752741400635
939,36.96604919433594,37.551329789574446
940,30.26524543762207,29.765637301090777
941,307.96929931640625,312.48975736657513
942,228.1492156982422,233.39602098868744
943,152.93304443359375,147.6724957303783
944,104.58499145507812,103.28989949009261
945,74.44049072265625,70.32540963225114
946,354.2489318847656,321.16462253811653
947,83.0962905883789,89.18645583645598
948,212.72496032714844,229.6320664435958
949,56.82634353637695,55.697924761278536
950,34.813316345214844,34.23886189534937
951,131.63067626953125,138.6881965369603
952,80.6404037475586,82.54416518882623
953,64.7154541015625,64.13594068691341
954,51.93537139892578,51.334485016690785
955,42.521080017089844,43.20163859771065
956,35.16319274902344,36.349803826689275
957,24.77908706665039,22.17570713013959
958,1199.907958984375,1107.513200185641
959,566.79638671875,564.6905047803436
960,403.42877197265625,387.53824281150594
961,214.86285400390625,203.6818363425167
962,162.389892578125,156.03290648816008
963,125.21095275878906,120.60711443718367
964,97.5143814086914,100.09075135074843
965,77.47845458984375,82.58380562997331
966,383.75323486328125,357.05128918451584
967,145.47438049316406,151.34407902533337
968,109.9471435546875,116.32994328466701
969,407.4833984375,388.60622950516586
970,212.72496032714844,237.5619107955441
971,120.30136108398438,116.46594554138692
972,93.69078826904297,89.00083403183665
973,639.0610961914062,620.2899168055848
974,464.05352783203125,475.7205158577455
975,468.7174377441406,475.7205158577455
976,343.7794189453125,341.28770298919227
977,200.3368682861328,199.28450297735503
978,156.02249145507812,160.24465304822934
979,56.26092529296875,56.00863105236586
980,925.1907348632812,919.5139721072236
981,473.427978515625,445.0418069448748
982,347.2343444824219,345.8204504258036
983,262.43414306640625,258.2904405766341
984,200.3368682861328,209.27173532641808
985,32.78594970703125,34.988281590212445
986,37.33756637573242,38.70131395752098
987,57.974308013916016,58.88275957472074
988,8.584858894348145,8.32698316805039
989,1510.2042236328125,1458.1900665943238
990,33.11545181274414,33.09176254118701
991,145.47438049316406,143.85932016176608
992,73.6998062133789,72.80814418335326
993,61.559234619140625,58.40305174221527
994,78.25714874267578,79.23800157088574
995,11.822446823120117,11.607245123899391
996,32.78594970703125,32.65460187201575
997,27.38512420654297,27.45655217315921
998,21.97707748413086,20.97179785031422
999,18.541288375854492,18.190544789943743
1000,14.013205528259277,15.043340151215162
1001,12.935816764831543,13.405072817958478
1002,49.4024543762207,48.31944839751584
1003,38.86134719848633,38.76491318281278
1004,30.876646041870117,30.69327806173906
1005,22.873979568481445,22.035255812154134
1006,19.885683059692383,20.154219291615416
1007,16.7768497467041,17.101993715229497
1008,15.642632484436035,15.293521206014018
1009,55.14688491821289,53.921229735245525
1010,27.112638473510742,29.41404655545266
1011,26.842863082885742,26.6600896999718
1012,24.77908706665039,21.762598559404154
1013,16.945459365844727,18.98449253485649
1014,121.51044464111328,118.04062255462644
1015,32.78594970703125,31.377666707920532
1016,26.049537658691406,27.009072345080632
1017,18.915849685668945,18.85519875488233
1018,17.28778076171875,16.852196055040004
1019,12.553505897521973,12.46026673003921
1020,46.99305725097656,36.027027666191856
1021,41.679107666015625,47.836149718285675
1022,27.112638473510742,29.763617846702072
1023,22.64637565612793,24.353555350476764
1024,19.2979736328125,17.993503522423474
1025,16.28101921081543,15.79900160293777
1026,333.6191101074219,335.43864357028355
1027,237.4601593017578,227.40375322494089
1028,129.0242156982422,130.86459834142502
1029,97.5143814086914,103.97141059542311
1030,59.73990249633789,62.58518522415666
1031,52.45732879638672,50.400257421437104
1032,170.7157440185547,177.50151777031942
1033,117.91922760009766,122.35962488886295
1034,68.71723175048828,68.99221027205628
1035,54.598148345947266,56.37934253551076
1036,37.33756637573242,39.196601001017505
1037,32.78594970703125,32.80500724771274
1038,129.0242156982422,126.20743365889513
1039,96.54412078857422,100.29408325032884
1040,56.26092529296875,55.52464676943222
1041,45.15043640136719,44.818098710057434
1042,32.136741638183594,32.3022987544969
1043,28.7891902923584,27.78539286040576
1044,116.7459487915039,121.49927852284745
1045,66.02279663085938,69.55261227320905
1046,17.99331283569336,17.48484280131624
1047,148.4131622314453,147.50218730565786
1048,80.6404037475586,84.38231991578358
1049,30.876646041870117,31.117707349773223
1050,20.905242919921875,21.109276899913183
1051,225.879150390625,207.60802181272635
1052,120.30136108398438,118.26003127328705
1053,42.097991943359375,41.93887970205353
1054,27.938339233398438,27.782322227373186
1055,114.43417358398438,105.16825854922598
1056,3498.18603515625,4067.926066692005
1057,765.0948486328125,790.9034374522827
1058,202.3502197265625,189.4771627116199
1059,323.7592468261719,341.06391470304806
1060,18033.748046875,18455.67019479825
1061,8866.1875,8002.504654327771
1062,1422.2569580078125,1478.0517037651757
1063,645.4835815429688,655.2723473168569
1064,200.3368682861328,239.0627461937878
1065,28001.119140625,26405.375366576005
1066,3327.576904296875,2971.369259009376
1067,1394.09375,1299.848742947874
1068,76.70755004882812,75.44923290512503
1069,60.34028625488281,61.802636206728835
1070,39.25191116333008,40.763699516430954
1071,32.45972442626953,32.570026264047094
1072,19.105955123901367,18.87057370888376
1073,14.013205528259277,13.669158149479145
1074,12.182493209838867,12.342218592116797
1075,9.299866676330566,9.22407590786392
1076,1808.04248046875,1781.2544779595269
1077,25.028121948242188,24.493363048208078
1078,21.11534309387207,22.538457135932116
1079,11.704811096191406,11.705847846334963
1080,8.499439239501953,8.118483603211521
1081,7.315533638000488,7.51112664531687
1082,5.697342872619629,5.609723584065333
1083,5.0530900955200195,4.8933259471911
1084,21.541902542114258,22.618152951055404
1085,17.46152687072754,17.62089767270922
1086,12.061275482177734,12.213310378569462
1087,10.27794075012207,10.060391276151265
1088,7.767900466918945,7.809573812989721
1089,6.889509677886963,6.789988201311348
1090,16.60991859436035,16.17248994475387
1091,13.329769134521484,13.32975588362309
1092,11.023177146911621,11.178361198382124
1093,9.207330703735352,9.204519907761986
1094,6.753088474273682,6.892705129344054
1095,5.870853424072266,5.997393534146601
1096,4.664590358734131,4.537105907756043
1097,6002.91064453125,5631.25517186442
1098,5597.07861328125,5833.717396778947
1099,12.935816764831543,12.518679751193334
1100,10.804903984069824,11.225546852647268
1101,7.924822807312012,7.774155723433603
1102,6.889509677886963,6.816711732116474
1103,5.365555763244629,5.293827787928048
1104,4.7588210105896,4.916231770423832
1105,3.8190438747406006,3.8201164351052412
1106,3.455613374710083,3.4721559490767318
1107,2.829216480255127,2.8180163821198914
1108,120.30136108398438,113.07833708529202
1109,44.25639724731445,52.848831967596674
1110,31.816978454589844,29.745711963480122
1111,23.336063385009766,24.962635257177762
1112,17.63701629638672,17.81545991670817
1113,10.590950012207031,10.62063210244131
1114,5.528961658477783,5.210041947060957
1115,6.889509677886963,6.644950558782204
1116,4.572225093841553,4.781461641030097
1117,3.8574259281158447,3.9563426728426903
1118,2.7731947898864746,2.865417036737008
1119,2.386910915374756,2.486936148676686
1120,1.8404314517974854,1.8111278377796012
1121,1.6323162317276,1.6000085643459188
1122,47.4653434753418,46.541557981171074
1123,29.37077522277832,29.177192584436842
1124,14.013205528259277,14.40657495692413
1125,20.08553695678711,25.308754108242685
1126,27.938339233398438,25.308754108242685
1127,21.97707748413086,19.04385869725956
1128,14.013205528259277,12.497124728175192
1129,11.023177146911621,10.306839338325478
1130,7.028687953948975,6.9595046695487035
1131,5.989451885223389,5.851348097407788
1132,33.11545181274414,29.26745905544127
1133,24.532529830932617,23.486811934367893
1134,14.585094451904297,14.574653143238034
1135,11.473040580749512,11.625678356992006
1136,7.614086151123047,7.6492309243452485
1137,6.296538352966309,6.4815635346176945
1138,4.526731014251709,4.567185534513712
1139,3.8574259281158447,3.9536136000148967
1140,2.8576507568359375,3.1015757773892854
1141,79.83804321289062,79.42753883403071
1142,38.09183883666992,40.53043642553706
1143,33.11545181274414,31.215336381204864
1144,86.48751831054688,83.42711658555308
1145,58.55697250366211,59.09008394670748
1146,29.37077522277832,29.492096909026905
1147,21.97707748413086,21.903396287722607
1148,13.065823554992676,13.371807046882907
1149,10.48556900024414,10.976565934946153
1150,7.028687953948975,7.175950750058424
1151,7.614086151123047,7.666464929269746
1152,5.528961658477783,5.507834627587759
1153,4.806648254394531,4.747369180761853
1154,3.6692965030670166,3.6285738645551
1155,3.254373788833618,3.1754515895767335
1156,2.585709571838379,2.5911228868868013
1157,2.339647054672241,2.4141794384928548
1158,7.3890557289123535,7.792570103305989
1159,6.23388671875,6.489162576723176
1160,4.618176460266113,4.670605243919502
1161,4.01485013961792,3.9553745157115228
1162,3.095656156539917,2.9953399985198317
1163,2.745600938796997,2.6518520272181854
1164,12.182493209838867,12.35124747971439
1165,8.084914207458496,7.9454557415564855
1166,6.753088474273682,6.609259898929038
1167,4.806648254394531,4.533987951697953
1168,3.560852527618408,3.814152972631543
1169,2.745600938796997,2.850948996409296
1170,2.4108996391296387,2.513018169103021
1171,17.63701629638672,16.091033684301635
1172,10.697391510009766,11.280463576456789
1173,7.028687953948975,7.199257383791341
1174,5.754601955413818,5.826923957507578
1175,4.0959553718566895,4.065972069011189
1176,3.490342855453491,3.4553508561008335
1177,2.6379446983337402,2.6165061897964734
1178,2.293318510055542,2.3025373426365108
1179,3.560852527618408,3.64625136052164
1180,3.034358263015747,3.1774577826882107
1181,2.3163669109344482,2.39286800351634
1182,20.905242919921875,18.691823253118063
1183,11.941265106201172,10.185110240685978
1184,7.538324356079102,7.991961070341759
1185,5.0530900955200195,5.1598750778075395
1186,37.71282196044922,41.130598961675844
1187,23.103866577148438,24.435706008137743
1188,20.08553695678711,18.832127071254426
1189,7.538324356079102,7.137215568858718
1190,6.171859264373779,6.2570240127055845
1191,44.7011833190918,43.269294436035956
1192,4.305959701538086,4.302046937827986
1193,29.96410369873047,31.140718203375105
1194,3.7061736583709717,3.453492760158223
1195,15.642632484436035,16.296313336569618
1196,2.745600938796997,2.7218572192780712
1197,11.941265106201172,12.47514682894526
1198,52.98453140258789,52.709989432811206
1199,20.08553695678711,19.3431880877055
1200,5.989451885223389,6.620146570129801
1201,23.103866577148438,24.792017000264437
1202,301.8710632324219,288.4689086088242
1203,141.1749267578125,130.31004349070537
1204,98.49443817138672,91.26489645897266
1205,50.906982421875,51.80416774305505
1206,38.09183883666992,43.379312533028205
1207,361.4052429199219,347.86615732774175
1208,354.2489318847656,347.86615732774175
1209,160.7740478515625,158.33816363044662
1210,111.05216217041016,110.05655744593156
1211,57.39746856689453,58.866220160358445
1212,42.521080017089844,44.062838622698976
1213,142.59381103515625,161.10559044285353
1214,100.48416137695312,116.15742004943286
1215,52.45732879638672,41.79595553529298
1216,39.25191116333008,33.95542165172593
1217,68.0334701538086,67.17741691791716
1218,99.48430633544922,97.77158989990201
1219,47.942378997802734,48.84917029334925
1220,35.16319274902344,35.148392674302
1221,20.08553695678711,20.29861141030914
1222,15.958634376525879,15.524589798750632
1223,121.51044464111328,122.74956299225224
1224,16.444644927978516,17.081742399299863
1225,9.874937057495117,9.688745786206287
1226,7.924822807312012,7.763831671761574
1227,5.312167644500732,5.243845565227743
1228,4.4370951652526855,4.402101394957972
1229,3.221992254257202,3.1606366638226717
1230,2.8010659217834473,2.7510132098533706
1231,1.934792399406433,2.034734822880084
1232,1.733253002166748,1.7254476779708154
1233,24.77908706665039,23.554910178242423
1234,18.915849685668945,18.910454744768064
1235,11.704811096191406,11.78413632563167
1236,9.393331527709961,9.65954068853791
1237,6.423737049102783,6.606778896001924
1238,5.365555763244629,5.598325258445781
1239,3.9353508949279785,3.919703477010981
1240,3.3871877193450928,3.389386357689723
1241,2.611696243286133,2.593116309346583
1242,2.3163669109344482,2.291192843295913
1243,1.8404314517974854,1.7425730280094056
1244,1.6652911901474,1.7425730280094056
1245,18.727632522583008,18.897577022670983
1246,14.879733085632324,14.420878348917173
1247,9.874937057495117,9.022824062372388
1248,8.24824047088623,8.365174360596244
1249,5.312167644500732,5.106556682905734
1250,4.618176460266113,4.864691639465611
1251,3.320117235183716,3.193319158843968
1252,2.915379524230957,2.802211751302615
1253,20.905242919921875,22.086057432866664
1254,15.958634376525879,15.9925918922263
1255,7.924822807312012,8.01675960216352
1256,5.41948127746582,5.447754282931338
1257,4.526731014251709,4.544903759236679
1258,3.320117235183716,3.371901486827185
1259,2.8576507568359375,2.9028103086261052
1260,2.2033963203430176,2.23231018277792
1261,1.9542372226715088,1.8779138451717439
1262,15.180322647094727,15.48175331883272
1263,11.822446823120117,12.264524356014528
1264,7.463316917419434,7.398781010897678
1265,6.110446929931641,6.079805156261777
1266,4.220695972442627,4.144496880980224
1267,3.560852527618408,3.562891794772504
1268,2.6379446983337402,2.6504285753490664
1269,2.3163669109344482,2.334727596427225
1270,678.578369140625,551.6971348332637
1271,188.6700439453125,217.2581949872844
1272,109.9471435546875,108.73932082090577
1273,43.8160400390625,43.76854469596081
1274,29.665952682495117,29.493376109958653
1275,15.029275894165039,15.497653806787143
1276,11.13396167755127,11.242463801706261
1277,6.619368076324463,6.6913534631708655
1278,5.259310722351074,5.370801023819982
1279,3.525421380996704,3.5172379857287743
1280,2.1382763385772705,2.0252875543345787
1281,1.8589279651641846,2.0252875543345787
1282,12.679670333862305,12.3168465270633
1283,9.776679992675781,9.79991484764783
1284,6.296538352966309,6.021851488970485
1285,5.155169486999512,4.969128224806158
1286,4.263114929199219,4.354184806337321
1287,3.596639633178711,3.6862513114504982
1288,3.064854145050049,3.1341614206922777
1289,2.293318510055542,2.309078409476252
1290,1.993715524673462,1.9615078019984185
1291,50.400447845458984,41.244047866623575
1292,35.873538970947266,41.244047866623575
1293,19.885683059692383,19.331583756581868
1294,15.332887649536133,16.694185977389292
1295,9.583088874816895,9.580976654484967
1296,7.767900466918945,7.780622979031154
1297,5.365555763244629,5.353836705789637
1298,4.526731014251709,4.585797397066206
1299,3.353484869003296,3.262821717017877
1300,2.915379524230957,2.8305500837021405
1301,2.247908115386963,2.1730805480623263
1302,1.993715524673462,1.9735491802281218
1303,1.6160744428634644,1.5192237113011933
1304,1.4477344751358032,1.5192237113011933
1305,24.77908706665039,24.74790587296568
1306,18.541288375854492,17.970821721119123
1307,11.13396167755127,11.29247004483249
1308,8.846306800842285,8.894436314355739
1309,5.870853424072266,5.852734409071024
1310,4.903749465942383,4.860457681218422
1311,3.525421380996704,3.5443268712490203
1312,3.034358263015747,3.013538026774005
1313,2.3163669109344482,2.31030366073061
1314,2.0544331073760986,1.9430618549101868
1315,13.735721588134766,13.240600535495366
1316,10.38123607635498,10.722330080454476
1317,6.423737049102783,6.55351687913678
1318,5.206979751586914,5.398571579949629
1319,3.596639633178711,3.555132603041037
1320,3.034358263015747,3.030697330773599
1321,2.247908115386963,2.2493791934202743
1322,1.9738776683807373,1.9286060863885413
1323,1.5372575521469116,1.6339263955685024
1324,132.9535675048828,117.14094756609003
1325,62.802818298339844,63.28069537962374
1326,46.06253433227539,45.86118257844179
1327,26.311336517333984,24.755764978260867
1328,18.727632522583008,18.01109867202252
1329,6.753088474273682,6.51791260590735
1330,5.259310722351074,5.066765385039866
1331,4.220695972442627,4.32650482898454
1332,2.829216480255127,2.8510273769941747
1333,2.386910915374756,2.462398181617931
1334,1.7506725788116455,1.6476935343960473
1335,1.5372575521469116,1.6476935343960473
1336,671.8265991210938,604.1007488660509
1337,473.427978515625,462.3869242372864
1338,247.15118408203125,269.3532037020905
1339,953.3672485351562,898.0724917432882
1340,432.68072509765625,419.96791376303406
1341,301.8710632324219,298.4609930560489
1342,160.7740478515625,168.55781982776145
1343,123.9651107788086,130.43539121228753
1344,73.6998062133789,79.12807650383421
1345,10.074423789978027,9.791677889283887
1346,7.463316917419434,7.529204749757341
1347,6.3598198890686035,6.476890113149886
1348,5.002810955047607,4.999183068528411
1349,4.4370951652526855,4.356896986610106
1350,3.560852527618408,3.5655650080128227
1351,3.221992254257202,3.203788792723168
1352,2.664456367492676,2.623614219585491
1353,2.4351298809051514,2.3645805177745034
1354,8.24824047088623,8.102887454012507
1355,7.099327564239502,7.556337832593139
1356,6.171859264373779,6.333646966958632
1357,4.7588210105896,4.827280265904168
1358,4.220695972442627,4.220607723975048
1359,3.3871877193450928,3.4881253766320546
1360,3.064854145050049,3.056719161396676
1361,2.5345091819763184,2.528305121852111
1362,2.3163669109344482,2.252305196658398
1363,64.07151794433594,61.19539846660485
1364,11.822446823120117,11.886011554934589
1365,13.065823554992676,12.187593523748557
1366,13.197135925292969,14.695731343380455
1367,15.642632484436035,15.274083336769365
1368,31.186960220336914,31.494821251876186
1369,51.93537139892578,64.15059202268344
1370,37.33756637573242,35.45114643019973
1371,27.38512420654297,26.668157304478008
1372,20.697233200073242,21.90519180790226
1373,16.119020462036133,16.605487694938237
1374,10.27794075012207,10.134476900280605
1375,8.331136703491211,8.148456111792182
1376,5.812436580657959,5.745842180800007
1377,4.953032493591309,4.9633807389996445
1378,3.7061736583709717,3.737737844463274
1379,3.221992254257202,3.2792311024556526
1380,2.5345091819763184,2.539712419928965
1381,2.2704999446868896,2.22253221898426
1382,11.358882904052734,12.16631123085406
1383,10.804903984069824,11.280521089367527
1384,15.332887649536133,15.565412546025012
1385,12.182493209838867,11.94999039281895
1386,8.084914207458496,8.5521973545588
1387,6.753088474273682,7.104397152569522
1388,4.903749465942383,5.015727169342484
1389,4.220695972442627,4.339055675764422
1390,3.254373788833618,3.232160209404295
1391,2.8863706588745117,2.8723656056971905
1392,2.3163669109344482,2.2713160621847437
1393,2.075080633163452,2.0314517617521943
1394,1.7160069942474365,1.5838861266011628
1395,1.568312168121338,1.5838861266011628
1396,12.935816764831543,11.787401915920325
1397,20.49129295349121,20.875086984908645
1398,12.428597450256348,11.903666789132371
1399,10.074423789978027,9.928986031342252
1400,7.028687953948975,6.943016486207534
1401,5.929855823516846,5.831941586779016
1402,4.4370951652526855,4.473664664376067
1403,3.8574259281158447,3.883520236457682
1404,3.034358263015747,3.042445753965023
1405,2.691234588623047,2.7654663257089385
1406,2.1814723014831543,2.2614985443375493
1407,1.9738776683807373,1.8889401878481
1408,9.207330703735352,9.290129955756633
1409,7.538324356079102,7.578639349410718
1410,5.312167644500732,5.226990926346837
1411,4.526731014251709,4.564323109459127
1412,3.421229362487793,3.446342226601564
1413,3.0041661262512207,3.0025691802006236
1414,2.6379446983337402,2.6230108329724175
1415,2.3631608486175537,2.3284460222420877
1416,1.733253002166748,1.7692353563592693
1417,42.94842529296875,40.04383768812651
1418,21.97707748413086,21.310861988042838
1419,16.444644927978516,16.308865340832334
1420,9.874937057495117,9.974694110412832
1421,7.845969200134277,7.927923704101552
1422,5.259310722351074,5.204470036333366
1423,4.392946243286133,4.512106653546082
1424,3.221992254257202,3.2763019097248933
1425,2.8010659217834473,2.6972212566321074
1426,6.889509677886963,7.306266043599945
1427,5.697342872619629,6.011439711020641
1428,4.055200099945068,4.0232040864219965
1429,3.490342855453491,3.4410221259261062
1430,2.664456367492676,2.6903489829303977
1431,2.339647054672241,2.3572885668513104
1432,1.8776105642318726,1.858330360330758
1433,1.69893217086792,1.5744588662219317
1434,1.5372575521469116,1.5744588662219317
1435,19.2979736328125,21.161797857005013
1436,15.029275894165039,15.176204892503712
1437,9.679400444030762,9.39123515900009
1438,8.004467964172363,8.108295509663243
1439,5.64065408706665,5.704427570025905
1440,4.806648254394531,4.836641875811078
1441,3.632786512374878,3.6113986127852478
1442,3.1899330615997314,3.159957174873131
1443,2.5345091819763184,2.4676934989587904
1444,2.2704999446868896,2.180014986839891
1445,1.8589279651641846,1.8037731998544992
1446,1.6820276975631714,1.7165467782407013
1447,1.4049476385116577,1.425963628178757
1448,1.2969300746917725,1.425963628178757
1449,7.1706767082214355,7.04032599458962
1450,5.989451885223389,5.853830104471129
1451,4.349235534667969,4.385287982475987
1452,3.7434215545654297,3.801110308041863
1453,2.8863706588745117,2.945520173648951
1454,2.55998158454895,2.6004638478973905
1455,2.0544331073760986,2.091460871217828
1456,1.8589279651641846,1.7486277202677276
1457,70.10541534423828,66.7373309169989
1458,441.42144775390625,432.36936652636115
1459,632.7022094726562,562.6989367569614
1460,419.89300537109375,482.7031968595915
1461,48.424217224121094,50.68050868443199
1462,31.500394821166992,31.08451286879687
1463,25.533721923828125,25.90442037244381
1464,17.115764617919922,17.36177965637877
1465,14.879733085632324,14.766501605407887
1466,10.590950012207031,10.76235071884794
1467,9.115716934204102,9.247206592536038
1468,44.25639724731445,41.78755746386215
1469,58.55697250366211,60.40375903237054
1470,37.33756637573242,36.90132885182608
1471,30.26524543762207,30.19658124929333
1472,20.697233200073242,19.691814660331836
1473,17.115764617919922,16.658722018103706
1474,12.428597450256348,12.243623428433098
1475,10.697391510009766,10.600730648978752
1476,16.444644927978516,16.31003698213098
1477,12.428597450256348,12.608272429567458
1478,6.171859264373779,6.6337320700351015
1479,4.349235534667969,4.323436086464169
1480,2.5345091819763184,2.539971453347754
1481,2.0339913368225098,1.9171366459458006
1482,54.05488586425781,53.84423616445788
1483,42.94842529296875,44.07249576266598
1484,15.029275894165039,14.297446774384332
1485,10.804903984069824,10.766791458165732
1486,16155.2373046875,14660.084172400739
1487,10509.1357421875,9872.188779415268
1488,5486.2470703125,5601.996275838187
1489,4536.90380859375,4337.907334050851
1490,3789.53955078125,4123.07532580066
1491,3394.7998046875,3335.783666031064
1492,2489.90576171875,1850.281797865922
1493,2275.602294921875,2127.115948224216
1494,2018.2784423828125,2063.625839648
1495,1939.1405029296875,2003.8891142336086
1496,1754.606201171875,1691.0473997342162
1497,1702.750244140625,1520.0816679305535
1498,1480.3001708984375,1473.667342732455
1499,1312.907958984375,1288.1304132248085
1500,1274.1060791015625,1346.9736174626748
1501,1236.4503173828125,1242.4278124416319
1502,1118.78662109375,1284.3710693721084
1503,1064.2225341796875,1094.764042453176
1504,1002.2471313476562,873.0171851743224
1505,982.4013061523438,1017.8543362876702
1506,915.985107421875,909.7929647241286
1507,871.3118896484375,659.9046581321932
1508,837.1472778320312,847.2828098393674
1509,820.5706176757812,812.6934307184404
1510,796.3189697265625,637.6265151606211
1511,765.0948486328125,794.8119812645923
1512,735.0951538085938,743.8357578058963
1513,727.781005859375,719.6691902794653
1514,713.3699951171875,704.8499720940191
1515,692.2865600585938,692.6502192287459
1516,665.1416625976562,647.6777319871032
1517,651.9710083007812,648.3441259171894
1518,639.0610961914062,608.4504085243055
1519,614.0031127929688,632.2429761175133
1520,578.2463989257812,565.8455270793007
1521,572.49267578125,591.549871939824
1522,550.044921875,497.21287285797825
1523,544.572021484375,618.7241269591038
1524,492.7489318847656,501.3781981497298
1525,478.1861267089844,487.6363950023655
1526,450.3387451171875,472.60109084264593
1527,441.42144775390625,421.0239913278612
1528,432.68072509765625,439.990568492487
1529,407.4833984375,526.3854269843259
1530,395.4403991699219,388.78888470012475
1531,376.1544494628906,354.76697069842606
1532,372.4117431640625,358.1367360770801
1533,365.0374755859375,375.5172756778414
1534,361.4052429199219,339.2053090242655
1535,357.8092956542969,378.0864835082255
1536,350.7242126464844,350.1234855040841
1537,350.7242126464844,336.96409922387403
1538,343.7794189453125,333.3812449021153
1539,340.3586730957031,347.06617468907456
1540,323.7592468261719,345.48933041538135
1541,320.5377502441406,318.5109174420094
1542,320.5377502441406,317.4249065895541
1543,311.0643615722656,324.96464069145287
1544,298.8673400878906,309.657357034595
1545,287.1485900878906,281.5361141044329
1546,284.29150390625,256.130494076824
1547,270.4263610839844,274.0084771095458
1548,259.82281494140625,264.924767390165
1549,257.23760986328125,249.27985750792396
1550,252.1439666748047,236.61635861080427
1551,239.8467254638672,265.52322815243633
1552,237.4601593017578,251.61508089168544
1553,232.75811767578125,227.80637763902516
1554,228.1492156982422,240.80139846915927
1555,221.40643310546875,230.80709331781662
1556,221.40643310546875,231.89489628464517
1557,219.20335388183594,239.55370766978655
1558,217.0222930908203,223.1041483353934
1559,208.5127410888672,181.038785814922
1560,202.3502197265625,182.81672296533515
1561,194.41595458984375,181.5411837854016
1562,192.4815216064453,189.10181198166356
1563,177.68276977539062,190.62136164849716
1564,175.91485595703125,176.9275319636816
1565,174.16444396972656,160.24465304822934
1566,172.43150329589844,179.29454056711444
1567,172.43150329589844,181.95170878605467
1568,170.7157440185547,163.37054400997806
1569,165.6703643798828,164.93442435752428
1570,160.7740478515625,159.91787798371377
1571,159.1743621826172,164.07673867472522
1572,157.5904998779297,90.3018782269181
1573,154.4700164794922,151.23062506862613
1574,148.4131622314453,149.06460262328272
1575,146.9364013671875,139.54757439372
1576,142.59381103515625,162.0095672496032
1577,138.37948608398438,135.2757450509672
1578,134.289794921875,136.051566631886
1579,134.289794921875,138.1697764380294
1580,132.9535675048828,131.75068830248352
1581,131.63067626953125,127.68028832066858
1582,131.63067626953125,144.52131380754776
1583,126.46936798095703,133.99073840601415
1584,122.73161315917969,121.24589203728334
1585,122.73161315917969,136.2090109847677
1586,120.30136108398438,122.87021771281667
1587,119.1043701171875,115.02834870645162
1588,116.7459487915039,122.31314034087544
1589,114.43417358398438,119.65409991693636
1590,113.29556274414062,109.71418738304158
1591,113.29556274414062,108.02774796568026
1592,111.05216217041016,108.92435994467527
1593,108.85318756103516,112.0999071544298
1594,104.58499145507812,107.98237182949092
1595,104.58499145507812,89.43829666592643
1596,102.51407623291016,106.5514881437533
1597,101.49402618408203,101.75911864410408
1598,99.48430633544922,98.6542464491267
1599,99.48430633544922,117.14094756609003
1600,96.54412078857422,91.81186691071892
1601,94.63241577148438,92.4222998007127
1602,93.69078826904297,90.86582668175244
1603,90.92182922363281,89.59444513735602
1604,90.92182922363281,90.71603519556174
1605,90.01712799072266,95.27493877277183
1606,88.23467254638672,91.69506272774271
1607,86.48751831054688,82.05110592184771
1608,84.77494812011719,84.01144080009522
1609,83.0962905883789,81.25177192334904
1610,79.83804321289062,91.75684254739768
1611,79.04362487792969,71.50482510019316
1612,78.25714874267578,77.35473455640057
1613,76.70755004882812,74.76760149696783
1614,75.94428253173828,74.3839157394983
1615,75.18864440917969,64.15059202268344
1616,74.44049072265625,73.58103623603537
1617,72.96646881103516,82.35672743347264
1618,72.24044799804688,70.03807194714967
1619,71.52163696289062,73.18804330258679
1620,71.52163696289062,67.56216570024829
1621,70.10541534423828,67.68500214240697
1622,68.71723175048828,59.527657638522555
1623,68.71723175048828,69.6185420884843
1624,68.0334701538086,68.47091299281438
1625,68.0334701538086,67.42217920000938
1626,67.35653686523438,63.480496044094096
1627,64.7154541015625,66.65397244786928
1628,63.43400955200195,65.75538441805773
1629,62.802818298339844,74.6863275894817
1630,60.94672775268555,66.43506117496001
1631,60.34028625488281,63.568209073364734
1632,59.73990249633789,61.895473437656804
1633,57.974308013916016,60.22706609359706
1634,57.39746856689453,57.324578939163224
1635,56.26092529296875,52.24015301476365
1636,56.26092529296875,57.43372933121743
1637,55.70110321044922,57.407982820256976
1638,55.14688491821289,53.63193600070206
1639,54.598148345947266,53.44348256782292
1640,54.05488586425781,57.06124257948969
1641,54.05488586425781,52.88822341348111
1642,54.05488586425781,51.323308633070575
1643,53.517032623291016,54.72355835590097
1644,52.45732879638672,53.2647505097605
1645,51.93537139892578,52.12389970176256
1646,51.93537139892578,53.79741009004568
1647,50.400447845458984,46.13751509388798
1648,48.910888671875,49.60057944670712
1649,48.910888671875,48.97124198644815
1650,48.910888671875,50.07898781146737
1651,48.424217224121094,47.43778883951102
1652,47.942378997802734,45.67072864098763
1653,47.942378997802734,45.186372508836435
1654,46.52546691894531,45.95716425287718
1655,46.06253433227539,46.51261829624948
1656,46.06253433227539,45.68285815796974
1657,45.60420227050781,51.75519996214652
1658,45.15043640136719,46.22487277349544
1659,44.7011833190918,45.41789958574414
1660,44.25639724731445,43.73990736526498
1661,43.8160400390625,41.79990690211055
1662,43.38006591796875,45.99058455603878
1663,42.521080017089844,43.29772615436517
1664,42.521080017089844,41.91542417189513
1665,42.097991943359375,43.022651248359374
1666,40.85380935668945,40.3483540858512
1667,40.85380935668945,38.088073754233584
1668,40.85380935668945,40.24409042082305
1669,40.04484939575195,43.4481802952
1670,40.04484939575195,41.060121548877106
1671,39.646400451660156,40.099614127178036
1672,39.25191116333008,39.25132290244654
1673,38.86134719848633,39.28111518561368
1674,38.47467041015625,36.49767609034252
1675,37.71282196044922,36.81692003224606
1676,37.33756637573242,37.301823654091585
1677,37.33756637573242,38.66558383056308
1678,36.96604919433594,37.401634782832765
1679,36.59823226928711,35.24374728776928
1680,35.873538970947266,36.77595732324437
1681,35.16319274902344,36.32098858531226
1682,34.813316345214844,37.04362899916144
1683,34.813316345214844,33.048576535388975
1684,33.784427642822266,36.1219803682766
1685,33.11545181274414,32.506345180211476
1686,33.11545181274414,34.42803053964455
1687,33.11545181274414,35.51297126899389
1688,32.78594970703125,36.027027666191856
1689,32.136741638183594,30.15759288214074
1690,32.136741638183594,31.101170809743525
1691,31.500394821166992,30.10361381468312
1692,31.500394821166992,31.562528759260662
1693,31.186960220336914,28.030476829589457
1694,30.876646041870117,30.08025931743049
1695,30.56941795349121,27.078915258754048
1696,30.26524543762207,29.7879695480296
1697,29.96410369873047,29.537461688195858
1698,29.078523635864258,31.05421979014196
1699,29.078523635864258,29.458766842737823
1700,28.7891902923584,27.554847045369907
1701,28.502731323242188,27.995478844255352
1702,28.2191219329834,26.593032958897787
1703,27.938339233398438,35.32997647513205
1704,27.660348892211914,26.698845463503925
1705,27.38512420654297,27.251251054931526
1706,27.112638473510742,28.636063896811496
1707,26.311336517333984,26.257005876901786
1708,26.049537658691406,25.571721418367503
1709,26.049537658691406,25.677273966586643
1710,26.049537658691406,26.621490528194034
1711,25.533721923828125,25.646570195315963
1712,25.27965545654297,25.644905422639088
1713,25.028121948242188,25.275327192746317
1714,24.77908706665039,23.827715357089986
1715,24.77908706665039,25.677118820724704
1716,24.532529830932617,25.194937108107958
1717,24.288429260253906,24.500520759095444
1718,24.0467529296875,25.225034671079744
1719,23.80748748779297,25.388706344039292
1720,23.570598602294922,23.30479067922535
1721,23.103866577148438,23.892644004457352
1722,22.64637565612793,21.20167827068328
1723,22.421043395996094,22.409654919281433
1724,22.19795036315918,23.694514040114118
1725,22.19795036315918,22.37624465502039
1726,21.97707748413086,24.015784803826218
1727,21.758399963378906,21.42459002144812
1728,21.541902542114258,21.600413199955835
1729,21.327556610107422,21.405110234403057
1730,21.327556610107422,22.208044333412815
1731,20.905242919921875,20.505483046815055
1732,20.905242919921875,20.97932049470218
1733,20.697233200073242,21.056552175838917
1734,20.49129295349121,20.92736987020262
1735,20.287399291992188,21.150187483904492
1736,20.08553695678711,20.431496352908635
1737,20.08553695678711,21.09880354212852
1738,19.491920471191406,19.530826211616798
1739,18.915849685668945,19.03640541165254
1740,18.727632522583008,21.68249250015474
1741,18.727632522583008,19.76844046632435
1742,18.727632522583008,21.28450838287166
1743,18.541288375854492,18.60752227512425
1744,18.541288375854492,19.79811806685481
1745,17.99331283569336,18.063125633921995
1746,17.46152687072754,17.829567266042375
1747,17.115764617919922,16.494491565987413
1748,16.945459365844727,18.350707985281574
1749,16.945459365844727,17.857262940568955
1750,16.945459365844727,16.0074105884089
1751,16.60991859436035,17.314240229376296
1752,16.444644927978516,16.12640670825532
1753,15.958634376525879,15.438515638097847
1754,15.486985206604004,15.260598630373197
1755,15.332887649536133,15.753095738299852
1756,15.332887649536133,13.762725552819322
1757,15.029275894165039,14.729544364392954
1758,14.879733085632324,14.565589948153884
1759,14.73167610168457,14.020672869515955
1760,14.585094451904297,14.218729053221
1761,14.439970970153809,12.275349214864546
1762,14.439970970153809,14.53884436780221
1763,14.296290397644043,14.319666992798457
1764,14.013205528259277,14.066565943546129
1765,13.59904956817627,13.1651092266582
1766,13.463736534118652,12.69340851360656
1767,13.197135925292969,10.824969266755081
1768,12.935816764831543,11.929641055412711
1769,12.679670333862305,13.334404238213077
1770,12.553505897521973,12.806634322788224
1771,12.428597450256348,12.187144206791752
1772,12.428597450256348,12.463858832489084
1773,12.182493209838867,12.356265573989859
1774,12.061275482177734,12.66258791034151
1775,11.941265106201172,11.627596468335492
1776,11.941265106201172,11.197487602508028
1777,11.473040580749512,11.320973754537633
1778,11.473040580749512,11.592049089570171
1779,11.358882904052734,11.507163237907047
1780,11.245859146118164,11.134826414868998
1781,10.913495063781738,11.283272532403632
1782,10.48556900024414,10.547116027822705
1783,9.874937057495117,9.62062347928166
1784,9.874937057495117,9.988603881633514
1785,9.487735748291016,9.720062219243063
1786,9.299866676330566,9.462448554179524
1787,9.207330703735352,9.139372322992298
1788,9.115716934204102,8.898062868830168
1789,9.025014877319336,9.000640053549908
1790,8.935214042663574,9.08948106301033
1791,8.846306800842285,9.437108481021248
1792,8.671138763427734,8.941193059769871
1793,8.584858894348145,8.827279867260382
1794,8.499439239501953,9.175432114125993
1795,8.499439239501953,8.603104492595232
1796,8.331136703491211,8.289662467677326
1797,7.845969200134277,8.299073346658778
1798,7.767900466918945,7.445979800407517
1799,7.614086151123047,7.619714133565368
1800,7.463316917419434,7.711347306460152
1801,7.099327564239502,6.43882973117795
1802,6.889509677886963,7.415506634774907
1803,6.753088474273682,6.424705721371123
1804,6.488296031951904,6.330450029343157
1805,6.423737049102783,6.282523455110144
1806,6.3598198890686035,6.558242240442691
1807,6.296538352966309,6.1875644700300585
1808,6.110446929931641,6.409436125399081
1809,6.049646854400635,6.06035017715225
1810,5.697342872619629,5.76762128172366
1811,5.64065408706665,5.389897416585893
1812,5.41948127746582,5.139677711293847
1813,5.365555763244629,5.354209502802002
1814,5.155169486999512,5.14585512854968
1815,5.0530900955200195,5.202774575291695
1816,5.0530900955200195,5.0388904596279875
1817,4.7588210105896,4.73897927937291
1818,4.305959701538086,4.3779692883893855
1819,4.263114929199219,4.243984766185768
1820,4.220695972442627,4.313031435491053
1821,4.178699016571045,4.080006506545386
1822,3.9749016761779785,4.070259559282904
1823,3.896193265914917,3.8736490980845186
1824,3.8574259281158447,3.8581879522459652
1825,3.781043291091919,3.6979130881641367
1826,3.7061736583709717,3.7494548300028843
1827,3.421229362487793,3.4778238513348705
1828,3.353484869003296,3.490942511702049
1829,3.254373788833618,3.1750116912537982
1830,3.1899330615997314,3.0361480735851734
1831,3.095656156539917,3.2357920238055047
1832,3.034358263015747,3.002810932164541
1833,2.974274158477783,2.945694493921662
1834,2.915379524230957,2.9436405522716056
1835,2.8576507568359375,2.900455873509423
1836,2.7731947898864746,2.7557903019505767
1837,2.6379446983337402,2.7457982007332515
1838,2.611696243286133,2.621459573015236
1839,2.55998158454895,2.5196607658241184
1840,2.5092904567718506,2.423493237473782
1841,2.4596030712127686,2.6972212566321074
1842,2.293318510055542,2.30979188648496
1843,2.1597659587860107,2.2425453858281665
1844,2.117000102996826,2.024297220898099
1845,2.095935344696045,2.0745040558211505
1846,2.0544331073760986,2.073432908615514
1847,2.0339913368225098,1.9707262114890614
1848,2.0339913368225098,1.8520574575735747
1849,1.896480917930603,1.8955910626495887
1850,1.822118878364563,1.9430618549101868
1851,1.8039883375167847,1.8889401878481
1852,1.7682669162750244,1.9615078019984185
1853,1.733253002166748,1.6339263955685024
1854,1.6820276975631714,1.7486277202677276
1855,1.5372575521469116,1.425963628178757
1856,1.4190675020217896,1.44697331007405
